SG,Wt_total,Total_pts,CTGL_1,CTGL_2,Essay,BB_exam_us,BB_exam_ims,student_key,Combined_Scores
01C,95.38322,374.3405,92.394,90.9975,98.949,92.0,,1,92.0
01A,93.45,375.0,93.0,90.0,92.0,100.0,,2,100.0
01A,92.15,370.0,93.0,90.0,91.0,96.0,,3,96.0
01D,92.01205,366.29008,87.0,91.09425,92.19583,,96.0,4,96.0
01C,94.30665,375.58875,90.9975,90.396,94.19525,100.0,,5,100.0
01B,94.3,383.0,96.0,96.0,91.0,100.0,,6,100.0
01D,83.64869,339.99564,94.0,90.9975,82.99814,72.0,,7,72.0
01C,94.33679,376.99358,97.5,96.1,95.39358,88.0,,8,88.0
01B,90.5,364.0,92.0,94.0,90.0,88.0,,9,88.0
01C,88.30707,364.691,92.9975,93.398,82.2955,,96.0,10,96.0
01D,92.11666,373.58843,91.49625,93.29675,88.79543,100.0,,11,100.0
01C,98.1047,389.698,94.0,96.698,99.0,100.0,,12,100.0
01A,97.05,384.0,96.0,93.0,99.0,96.0,,13,96.0
01B,97.05,383.0,96.0,95.0,100.0,92.0,,14,92.0
01B,92.1,372.0,93.0,93.0,90.0,96.0,,15,96.0
01D,90.36192,368.23854,91.49625,94.09617,86.64612,96.0,,16,96.0
01B,96.9,382.0,94.0,96.0,100.0,92.0,,17,92.0
01C,91.08902,358.9935,90.097,90.4965,94.4,84.0,,18,84.0
01A,96.1,380.0,93.0,93.0,98.0,96.0,,19,96.0
01B,89.15,362.0,93.0,94.0,87.0,88.0,,20,88.0
01B,92.15,368.0,93.0,94.0,93.0,88.0,,21,88.0
01A,97.4,385.0,93.0,93.0,99.0,100.0,,22,100.0
01C,96.234,383.748,96.1,98.3,97.348,92.0,,23,92.0
01D,93.14175,375.33925,93.3985,94.39542,91.54533,96.0,,24,96.0
01A,93.95,373.0,93.0,96.0,96.0,88.0,,25,88.0
01D,94.00248,375.58792,93.39567,92.29425,93.898,96.0,,26,96.0
01A,91.1,370.0,93.0,93.0,88.0,96.0,,27,96.0
01B,94.95,377.0,92.0,93.0,96.0,96.0,,28,96.0
01D,94.04227,379.2435,95.5,95.2985,92.445,96.0,,29,96.0
01B,86.75,351.0,92.0,93.0,86.0,,80.0,30,80.0
01A,94.1,376.0,93.0,93.0,94.0,96.0,,31,96.0
01C,88.7851,349.58134,90.09317,90.49417,92.994,76.0,,32,76.0
01C,96.37192,388.88708,98.497,95.99333,94.39675,,100.0,33,100.0
01C,93.23211,368.28384,90.49417,90.391,95.39867,92.0,,34,92.0
01C,91.77183,366.23434,94.99667,93.99,93.24767,84.0,,35,84.0
01A,96.55,383.0,96.0,93.0,98.0,96.0,,36,96.0
01B,95.2,382.0,92.0,96.0,94.0,100.0,,37,100.0
01A,90.15,363.0,93.0,96.0,90.0,,84.0,38,84.0
01D,94.00038,377.68424,93.996,94.69467,92.99357,96.0,,39,96.0
01A,91.4,361.0,93.0,93.0,95.0,80.0,,40,80.0
01C,91.03647,361.687,92.5965,91.995,93.0955,84.0,,41,84.0
01B,93.65,372.0,92.0,93.0,95.0,92.0,,42,92.0
01B,88.9,356.0,93.0,93.0,90.0,80.0,,43,80.0
01C,97.0533,387.291,95.99333,97.69867,97.599,96.0,,44,96.0
01D,98.04941,386.99608,93.3985,93.59758,100.0,100.0,,45,100.0
01D,92.59722,377.19142,96.49567,95.5,89.19575,96.0,,46,96.0
01A,91.5,363.0,96.0,96.0,95.0,,76.0,47,76.0
01B,97.05,384.0,94.0,95.0,99.0,,96.0,48,96.0
01A,94.1,376.0,93.0,93.0,94.0,96.0,,49,96.0
01A,96.9,384.0,93.0,93.0,98.0,100.0,,50,100.0
01D,87.96409,356.4969,89.79867,89.2995,85.39873,,92.0,51,92.0
01D,94.50756,377.39408,93.3985,90.0,93.99558,100.0,,52,100.0
01D,95.70814,382.64162,96.096,94.79733,95.74829,96.0,,53,96.0
01B,91.15,367.0,93.0,92.0,90.0,92.0,,54,92.0
01C,94.4136,373.19067,90.9975,90.09317,96.1,96.0,,55,96.0
01B,94.6,377.0,92.0,94.0,95.0,96.0,,56,96.0
01D,91.07597,370.0895,93.3985,92.798,87.893,96.0,,57,96.0
01A,95.4,381.0,93.0,93.0,95.0,100.0,,58,100.0
01C,90.27604,359.18858,91.2,91.995,91.99358,84.0,,59,84.0
02A,94.38734,374.28933,93.599,95.99333,96.697,88.0,,60,88.0
02C,87.1,343.0,88.0,88.0,91.0,76.0,,61,76.0
02C,89.1,356.0,90.0,92.0,90.0,84.0,,62,84.0
02B,86.4,351.0,92.0,94.0,85.0,80.0,,63,80.0
02A,94.05563,378.33333,95.99333,96.89533,93.44467,92.0,,64,92.0
02D,93.22283,367.04567,92.0,94.0,97.04567,84.0,,65,84.0
02A,94.83653,384.14167,94.0,98.098,92.04367,100.0,,66,100.0
02B,91.95,371.0,95.0,90.0,90.0,96.0,,67,96.0
02B,89.5,352.0,92.0,90.0,94.0,76.0,,68,76.0
02D,89.77282,368.74564,94.0,94.0,84.74564,96.0,,69,96.0
02C,93.2,368.0,92.0,92.0,96.0,88.0,,70,88.0
20A,94.67233,380.64467,95.0,96.0,93.64467,96.0,,71,96.0
02C,93.7,370.0,90.0,92.0,96.0,92.0,,72,92.0
02B,92.7,369.0,92.0,88.0,93.0,96.0,,73,96.0
02D,89.97196,357.54392,94.0,98.0,93.54392,72.0,,74,72.0
02A,94.26089,377.78525,93.99417,94.0965,93.69458,96.0,,75,96.0
02B,92.1,372.0,92.0,94.0,90.0,,96.0,76,96.0
02A,92.96576,375.43733,98.39867,96.89533,92.14333,88.0,,77,88.0
02C,87.4,346.0,88.0,88.0,90.0,80.0,,78,80.0
02D,89.59754,352.19508,87.0,95.0,94.19508,76.0,,79,76.0
02C,95.1,378.0,92.0,94.0,96.0,96.0,,80,96.0
02B,95.5,384.0,95.0,95.0,94.0,100.0,,81,100.0
02D,94.52358,375.84717,92.0,96.0,95.84717,92.0,,82,92.0
20A,94.33156,378.83742,94.99667,94.39517,93.44558,96.0,,83,96.0
02C,90.6,360.0,90.0,90.0,92.0,88.0,,84,88.0
02B,89.45,365.0,92.0,95.0,86.0,92.0,,85,92.0
02C,96.4,382.0,94.0,94.0,98.0,96.0,,86,96.0
02A,93.69086,373.33392,93.99417,92.79467,94.54508,92.0,,87,92.0
02D,95.72296,383.04592,94.0,94.0,95.04592,100.0,,88,100.0
02D,93.49755,376.19511,94.0,94.0,92.19511,96.0,,89,96.0
02B,94.05,379.0,95.0,92.0,92.0,100.0,,90,100.0
02C,94.6,378.0,94.0,90.0,94.0,100.0,,91,100.0
02A,91.70522,368.68308,92.79467,89.59479,90.29362,96.0,,92,96.0
02B,89.5,362.0,92.0,94.0,88.0,88.0,,93,88.0
02D,92.04761,373.99523,95.0,94.0,88.99523,96.0,,94,96.0
02C,94.2,372.0,90.0,90.0,96.0,96.0,,95,96.0
02A,91.70035,369.63278,93.99417,93.1945,90.44411,92.0,,96,92.0
02A,90.41586,360.18586,92.79467,87.99695,91.39424,88.0,,97,88.0
02B,92.35,377.0,95.0,94.0,88.0,100.0,,98,100.0
20A,91.47276,376.34552,98.0,96.0,86.34552,96.0,,99,96.0
02B,92.15,363.0,88.0,85.0,94.0,96.0,,100,96.0
02D,89.82321,363.54643,89.0,88.0,86.54643,,100.0,101,100.0
02C,92.3,370.0,92.0,94.0,92.0,92.0,,102,92.0
02C,93.0,370.0,92.0,92.0,94.0,,92.0,103,92.0
02D,95.79866,379.79733,94.0,96.0,97.79733,,92.0,104,92.0
02C,93.2,368.0,94.0,90.0,96.0,88.0,,105,88.0
02A,91.09022,368.53147,94.79383,95.99333,89.74431,,88.0,106,88.0
02A,90.96617,369.53629,92.79467,89.49667,87.24495,100.0,,107,100.0
02C,87.6,356.0,88.0,88.0,84.0,96.0,,108,96.0
02B,89.8,356.0,92.0,88.0,92.0,84.0,,109,84.0
02B,95.55,382.0,97.0,90.0,95.0,100.0,,110,100.0
02B,89.4,358.0,92.0,92.0,90.0,84.0,,111,84.0
20A,97.12291,388.64583,97.0,95.0,96.64583,100.0,,112,100.0
02D,91.1971,372.59421,91.0,95.0,86.59421,100.0,,113,100.0
02A,83.63997,331.23014,94.39067,88.39533,88.44414,60.0,,114,60.0
02D,90.97179,370.14358,95.0,95.0,88.14358,92.0,,115,92.0
02A,90.89553,366.1829,93.99417,93.99417,90.19456,,88.0,116,88.0
02C,95.7,383.0,94.0,94.0,95.0,100.0,,117,100.0
02B,94.05,376.0,98.0,95.0,95.0,,88.0,118,88.0
04A,92.88263,372.43757,91.995,92.394,92.04857,,96.0,119,96.0
04A,85.12074,350.48187,92.49375,92.9925,80.99562,,84.0,120,84.0
04B,94.03785,373.54379,92.0,94.09725,95.44654,92.0,,121,92.0
04B,94.7924,374.185,93.095,95.191,97.899,88.0,,122,88.0
04A,95.38825,384.94417,98.0,97.09667,93.8475,96.0,,123,96.0
04B,90.5918,370.5915,94.0,94.297,86.2945,96.0,,124,96.0
04C,95.53306,380.19192,94.49833,93.39567,96.29792,,96.0,125,96.0
04C,90.05054,356.13316,95.99333,97.19533,94.9445,68.0,,126,68.0
04C,90.38775,362.79225,94.49833,90.097,90.19692,88.0,,127,88.0
04C,95.94833,388.39667,97.0,98.0,93.39667,100.0,,128,100.0
04C,90.50043,365.18749,94.49833,93.19683,89.49233,88.0,,129,88.0
04B,93.52655,379.8896,96.1985,96.9965,90.6946,96.0,,130,96.0
04A,95.998,388.49367,100.0,94.99667,93.497,100.0,,131,100.0
04C,84.62444,360.84888,94.0,94.0,72.84888,100.0,,132,100.0
04D,91.42621,364.63834,93.99417,93.7,92.94417,84.0,,133,84.0
04B,94.56143,378.38617,94.09392,93.9965,94.29575,96.0,,134,96.0
04C,95.94824,382.19183,97.0,95.99333,97.1985,92.0,,135,92.0
04D,94.76275,378.49085,95.99333,95.1,95.39752,92.0,,136,92.0
04A,96.40796,383.69033,95.99333,94.39867,97.29833,96.0,,137,96.0
04C,93.01613,371.98708,94.49833,92.29425,93.1945,92.0,,138,92.0
04B,95.9215,387.643,96.1,97.9,93.643,100.0,,139,100.0
04B,93.38153,378.99096,94.0,94.897,90.09396,100.0,,140,100.0
04D,86.92078,352.03544,94.09125,91.9,86.04419,,80.0,141,80.0
04A,95.87152,384.38575,95.99333,93.49625,94.89617,100.0,,142,100.0
04D,95.67619,382.78983,95.09633,96.1,95.5935,96.0,,143,96.0
04B,94.4091,382.794,95.0,96.394,91.4,100.0,,144,100.0
04B,93.69003,373.67858,93.09225,94.19133,94.395,92.0,,145,92.0
04C,91.54858,375.39484,94.99667,94.0,86.39817,100.0,,146,100.0
04C,94.94708,381.14125,94.0,93.49583,93.64542,100.0,,147,100.0
04B,92.23696,366.23441,95.09308,95.99333,95.148,,80.0,148,80.0
04D,87.97137,354.13942,93.09525,92.9,88.14417,,80.0,149,80.0
04B,94.07462,383.38714,96.0,97.197,90.19014,100.0,,150,100.0
04D,93.64226,372.89225,92.09675,94.2,94.5955,92.0,,151,92.0
04D,96.69758,390.94517,98.4,98.1,94.44517,100.0,,152,100.0
04A,83.64121,334.78822,96.89533,94.39867,87.49422,56.0,,153,56.0
21A,89.36311,359.44249,94.49833,95.09633,89.84783,80.0,,154,80.0
04A,95.36614,382.58343,95.99333,95.794,94.7961,96.0,,155,96.0
04A,90.91967,364.1306,91.995,92.9925,91.1431,88.0,,156,88.0
04B,90.99612,367.73601,93.09458,93.3965,89.24493,92.0,,157,92.0
04D,93.80168,375.88894,94.99367,91.7,93.19527,96.0,,158,96.0
04A,89.47028,360.93298,94.99667,92.9925,88.94381,84.0,,159,84.0
04D,95.14693,386.09386,98.1,95.9,92.09386,100.0,,160,100.0
04A,94.97702,382.74009,95.39533,94.299,93.04576,100.0,,161,100.0
04A,90.01392,359.47712,93.99417,93.7905,91.69245,80.0,,162,80.0
04A,96.24687,387.5885,100.0,92.9925,94.596,100.0,,163,100.0
04A,95.45355,383.0971,98.0,97.7,95.3971,92.0,,164,92.0
04C,93.43692,374.44128,94.0,95.09633,93.34495,92.0,,165,92.0
04D,94.58664,378.49025,96.49567,95.1,94.89458,92.0,,166,92.0
04B,87.68205,354.18671,93.19867,93.69075,87.29729,80.0,,167,80.0
04D,96.06741,383.99483,96.0,95.8,96.19483,96.0,,168,96.0
04A,93.20668,368.28567,91.995,92.394,95.89667,88.0,,169,88.0
04D,95.63187,383.89375,96.5,96.4,94.99375,96.0,,170,96.0
04C,95.39646,382.08592,94.99667,95.99333,95.09592,96.0,,171,96.0
04D,80.21592,335.438,94.5945,93.7,75.1435,72.0,,172,72.0
04B,87.30227,360.1865,96.096,93.5925,82.498,,88.0,173,88.0
04C,95.6176,381.691,95.495,94.299,95.897,96.0,,174,96.0
04D,91.51565,367.98519,94.99125,93.8,91.19394,88.0,,175,88.0
04D,95.46187,379.8385,92.9925,94.6,96.246,96.0,,176,96.0
04C,94.54725,381.04334,94.49833,94.0,92.54501,100.0,,177,100.0
05D,95.6657,378.683,94.79383,93.99417,97.895,92.0,,178,92.0
05B,80.94704,335.59408,91.0,92.0,76.59408,,76.0,179,76.0
05B,97.9235,389.547,94.0,97.0,98.547,100.0,,180,100.0
05A,94.92413,386.34827,98.0,97.0,91.34827,100.0,,181,100.0
05A,86.47309,351.14619,93.0,93.0,85.14619,80.0,,182,80.0
05C,88.45,353.5,85.0,85.0,87.5,96.0,,183,96.0
05B,93.54637,373.49275,93.0,91.0,93.49275,96.0,,184,96.0
05C,93.5,379.0,97.0,95.0,91.0,96.0,,185,96.0
05D,90.66582,355.28384,92.79467,93.99417,96.495,72.0,,186,72.0
05D,93.76029,282.84017,99.0,97.49667,93.3435,92.0,,187,92.0
05A,90.62295,362.1459,94.0,89.0,91.1459,88.0,,188,88.0
05C,89.75,367.5,100.0,100.0,87.5,80.0,,189,80.0
05C,98.75,397.5,100.0,100.0,97.5,100.0,,190,100.0
05B,90.27275,352.9455,96.0,92.0,96.9455,68.0,,191,68.0
05C,87.9,348.0,87.0,87.0,90.0,84.0,,192,84.0
20A,93.07202,370.44404,91.0,90.0,93.44404,96.0,,193,96.0
05A,88.57237,352.24474,92.0,93.0,91.24474,76.0,,194,76.0
05D,96.54107,381.43433,94.79383,91.995,98.6455,96.0,,195,96.0
05B,92.57241,370.54483,92.0,94.0,92.54483,92.0,,196,92.0
05B,91.2231,358.14621,92.0,87.0,95.14621,84.0,,197,84.0
05A,87.65,358.0,96.0,93.0,85.0,84.0,,198,84.0
05C,94.4,384.0,100.0,100.0,92.0,92.0,,199,92.0
05B,94.19785,372.69571,92.0,89.0,95.69571,96.0,,200,96.0
05A,94.04825,381.0965,96.0,94.0,91.0965,100.0,,201,100.0
05C,89.0,371.0,95.0,95.0,81.0,100.0,,202,100.0
05A,87.925,357.5,95.5,92.0,86.0,84.0,,203,84.0
05C,83.4,355.0,95.0,95.0,73.0,92.0,,204,92.0
05B,95.44706,382.19412,95.0,96.0,95.19412,96.0,,205,96.0
05C,91.55,370.5,95.0,87.0,88.5,,100.0,206,100.0
05A,97.425,388.9,96.5,95.0,97.4,100.0,,207,100.0
05D,84.31837,329.97917,91.995,90.49417,91.49,,56.0,208,56.0
05D,92.90942,371.5815,91.995,91.0945,92.492,96.0,,209,96.0
05B,95.997,385.394,98.0,96.0,95.394,96.0,,210,96.0
05D,89.2802,348.032,90.49417,89.89383,95.644,72.0,,211,72.0
05B,81.09734,324.29469,93.0,94.0,85.29469,52.0,,212,52.0
05D,95.34475,379.88134,93.99417,93.99417,95.893,96.0,,213,96.0
05D,84.7137,337.529,92.49333,92.79467,88.241,,64.0,214,64.0
05B,97.02212,389.14425,95.0,98.0,96.14425,100.0,,215,100.0
05C,86.25,339.5,85.0,85.0,89.5,80.0,,216,80.0
05C,92.9,367.0,90.0,90.0,95.0,92.0,,217,92.0
05D,94.32405,384.58367,96.09567,98.098,90.39,100.0,,218,100.0
05A,89.4472,357.8444,97.5,93.0,91.3444,76.0,,219,76.0
05C,96.5,379.0,90.0,90.0,99.0,100.0,,220,100.0
05A,91.225,367.5,92.5,93.0,90.0,,92.0,221,92.0
05C,93.5,375.0,100.0,100.0,95.0,80.0,,222,80.0
05B,84.47255,330.84511,89.0,84.0,89.84511,,68.0,223,68.0
05B,90.59596,360.39192,93.0,91.0,92.39192,84.0,,224,84.0
05A,90.04897,363.74795,92.5,91.0,88.24795,,92.0,225,92.0
05B,91.52271,363.34542,95.0,94.0,94.34542,80.0,,226,80.0
05C,92.85,378.5,100.0,100.0,90.5,88.0,,227,88.0
05A,86.44775,348.2955,91.0,91.0,86.2955,80.0,,228,80.0
05D,91.14007,371.78817,99.0,96.29717,88.491,88.0,,229,88.0
05A,92.9,374.0,94.0,96.0,92.0,92.0,,230,92.0
05C,88.45,353.5,85.0,85.0,87.5,96.0,,231,96.0
05A,88.97316,358.54632,95.0,91.0,88.54632,84.0,,232,84.0
05A,92.8,370.0,95.0,93.0,94.0,88.0,,233,88.0
05D,89.3132,361.178,94.79383,93.99417,88.39,84.0,,234,84.0
05D,93.1834,373.87934,92.79467,92.79467,92.29,96.0,,235,96.0
05D,88.04817,351.72784,95.19367,93.99417,90.54,72.0,,236,72.0
06A,97.20325,389.3465,98.3,97.9,97.1465,96.0,,237,96.0
06D,86.56672,353.28418,95.495,93.29175,84.49743,80.0,,238,80.0
06C,92.44777,377.54118,92.49375,97.0,88.04743,100.0,,239,100.0
06D,86.8224,357.28868,93.49125,90.0,81.79743,,92.0,240,92.0
06B,95.42187,384.94375,99.0,96.0,93.94375,,96.0,241,96.0
06D,92.02806,380.69612,98.2,97.0,85.49612,100.0,,242,100.0
06A,90.87908,371.87714,93.591,92.29325,85.99289,,100.0,243,100.0
06A,96.8118,383.63217,96.992,95.59167,99.0485,92.0,,244,92.0
06D,85.62621,347.48683,93.192,90.0,84.29483,,80.0,245,80.0
06D,96.24322,384.28817,95.29567,92.9925,96.0,100.0,,246,100.0
06C,84.3616,345.5911,90.0,94.097,81.4941,80.0,,247,80.0
06C,92.53589,379.1824,95.99333,95.59325,87.59582,,100.0,248,100.0
06A,98.048,391.89017,97.5,96.49167,97.8985,100.0,,249,100.0
06B,89.97162,361.19325,94.0,89.5,89.69325,88.0,,250,88.0
06A,98.804,395.998,99.3,98.4,98.298,100.0,,251,100.0
06C,93.82629,376.58873,90.0,94.1945,92.39423,100.0,,252,100.0
06B,92.89701,375.29402,94.0,91.0,90.29402,,100.0,253,100.0
06A,96.64176,384.43617,97.197,93.5925,97.64667,96.0,,254,96.0
06B,94.49808,384.79617,99.0,95.0,90.79617,100.0,,255,100.0
06C,93.84672,381.78879,99.0,95.99333,90.79546,96.0,,256,96.0
06C,87.12362,357.89514,90.0,93.497,82.39814,92.0,,257,92.0
06D,95.43211,375.53583,95.196,93.192,99.14783,88.0,,258,88.0
06D,97.22283,386.79567,98.5,94.0,98.29567,96.0,,259,96.0
06C,95.65961,383.73083,95.99333,96.59467,95.14283,96.0,,260,96.0
06D,97.37325,387.79067,96.49167,97.0,98.299,96.0,,261,96.0
06D,87.65143,359.48582,94.99667,92.69325,83.7959,88.0,,262,88.0
06B,95.29829,379.79658,94.0,94.0,95.79658,96.0,,263,96.0
06C,92.14872,369.87899,93.49125,96.19667,92.19107,88.0,,264,88.0
06B,90.78596,363.93808,94.0,91.0945,90.84358,88.0,,265,88.0
21A,92.00239,369.63965,96.19267,97.0,92.44698,84.0,,266,84.0
06C,90.42153,375.28724,96.49167,99.0,83.79557,96.0,,267,96.0
06D,90.17728,371.08943,94.99667,95.196,84.89676,96.0,,268,96.0
06D,96.34708,382.94067,95.495,94.0,97.44567,96.0,,269,96.0
06A,98.76925,394.5985,98.8,97.0,98.7985,100.0,,270,100.0
06B,90.74883,366.89767,94.0,92.0,88.89767,92.0,,271,92.0
06D,95.47283,378.79217,95.495,94.0,97.29717,92.0,,272,92.0
06D,92.59628,376.78498,94.99667,92.9925,88.79581,100.0,,273,100.0
06B,87.4966,346.2932,94.0,89.0,91.2932,72.0,,274,72.0
06B,90.77179,363.54358,95.0,93.0,91.54358,84.0,,275,84.0
06A,87.47197,346.03602,97.59633,95.39233,93.04736,,60.0,276,60.0
06B,91.42285,369.94571,94.0,91.0,88.94571,96.0,,277,96.0
20A,96.15081,389.28533,96.691,99.0,93.59433,100.0,,278,100.0
06A,96.42783,388.0889,96.898,96.29233,94.89857,100.0,,279,100.0
06C,88.3369,368.3917,94.0,97.597,80.7947,96.0,,280,96.0
06A,94.50234,380.08383,96.693,93.9915,93.39933,96.0,,281,96.0
06A,96.10811,383.08975,96.898,93.49275,96.699,96.0,,282,96.0
06D,95.87736,381.78447,95.99333,93.192,96.59914,96.0,,283,96.0
06B,93.797,377.794,94.0,92.0,91.794,100.0,,284,100.0
06C,90.67133,360.59034,90.0,97.49667,93.09367,80.0,,285,80.0
06A,95.192,383.29028,97.7,95.59467,93.99561,96.0,,286,96.0
06A,96.67462,391.94925,99.0,99.0,93.94925,100.0,,287,100.0
06B,90.59775,361.7455,94.0,88.5,91.2455,88.0,,288,88.0
06A,92.06729,361.88583,96.99,91.7975,97.09833,76.0,,289,76.0
06B,93.19812,378.69625,95.0,94.0,89.69625,100.0,,290,100.0
06A,96.00695,384.989,96.898,96.495,95.596,96.0,,291,96.0
06B,91.02225,367.7445,94.0,89.0,88.7445,96.0,,292,96.0
06C,88.64676,354.49119,90.0,97.99667,90.49452,76.0,,293,76.0
06C,96.08712,385.29425,96.0,97.6,95.69425,96.0,,294,96.0
06B,91.77235,375.14471,94.0,94.0,87.14471,100.0,,295,100.0
06C,92.59048,380.48351,96.19267,97.09667,87.19417,100.0,,296,100.0
07A,94.71002,377.28159,93.09392,92.994,95.19367,96.0,,297,96.0
07A,93.07592,373.78642,95.196,93.99625,92.59417,92.0,,298,92.0
07B,85.5559,350.63095,94.892,92.9925,82.74645,80.0,,299,80.0
07A,95.07262,376.64117,98.0,92.99417,97.647,88.0,,300,88.0
20A,94.97494,386.57938,98.195,96.99,91.39438,,100.0,301,100.0
07A,96.16108,382.28325,93.09392,95.99333,97.196,96.0,,302,96.0
07A,95.86989,386.13046,96.99,94.99667,94.14379,100.0,,303,100.0
07D,91.45075,375.08638,98.598,97.09467,87.39371,92.0,,304,92.0
07D,93.78673,376.79067,90.399,94.197,92.19467,100.0,,305,100.0
07A,89.27019,351.93258,92.9925,92.99633,93.94375,72.0,,306,72.0
07C,93.60685,377.38845,96.4,92.9925,91.99595,96.0,,307,96.0
07D,95.19669,379.63358,96.29233,95.19367,96.14758,92.0,,308,92.0
07C,89.08746,354.04125,94.0,92.09475,91.9465,76.0,,309,76.0
07A,96.824,383.54567,94.0,94.99667,98.549,96.0,,310,96.0
07C,83.27889,321.09266,88.99333,87.19933,92.9,52.0,,311,52.0
07A,98.6485,390.99,96.99,94.0,100.0,100.0,,312,100.0
07B,90.56986,367.22957,93.993,92.9925,88.24407,92.0,,313,92.0
07C,91.25796,363.09417,96.4,92.9975,93.69667,80.0,,314,80.0
07A,86.17118,343.33887,91.995,94.0,89.34387,,68.0,315,68.0
07D,96.99372,381.2915,90.6955,94.596,100.0,96.0,,316,96.0
07B,98.38258,393.19167,96.995,97.9,98.29667,100.0,,317,100.0
07C,90.95379,360.59637,94.0,92.69825,93.89812,80.0,,318,80.0
07D,97.23578,389.28083,96.29233,96.29233,96.69617,100.0,,319,100.0
07D,93.30957,366.18209,90.49417,90.59575,97.09217,88.0,,320,88.0
07D,95.89681,379.53733,91.0945,91.3965,97.04633,100.0,,321,100.0
07C,96.0539,384.19617,94.0,94.69767,95.4985,100.0,,322,100.0
07C,95.02832,375.94542,94.0,92.69825,97.24717,92.0,,323,92.0
07B,88.06896,354.72567,96.99,92.9925,88.74317,76.0,,324,76.0
07D,92.07487,374.83064,92.1945,94.4925,88.14364,100.0,,325,100.0
07B,96.54723,389.93886,97.592,97.9,94.44686,100.0,,326,100.0
07B,93.80715,384.038,96.993,97.898,89.147,100.0,,327,100.0
07C,92.65333,372.59503,94.0,94.69767,91.89736,92.0,,328,92.0
07A,91.89633,365.19034,99.0,94.99667,95.19367,76.0,,329,76.0
07D,90.91997,358.58714,90.399,90.097,94.09114,,84.0,330,84.0
07B,91.96803,372.12381,96.99,92.9925,90.14131,92.0,,331,92.0
07B,92.90465,379.77618,96.99,94.39125,88.39493,100.0,,332,100.0
07B,89.20591,360.33167,94.893,92.9925,88.44617,84.0,,333,84.0
07C,92.30407,370.49692,94.0,92.69825,91.79867,92.0,,334,92.0
07B,93.42525,380.3835,96.692,97.498,90.1935,96.0,,335,96.0
07A,96.84833,385.392,99.0,95.99333,98.39867,92.0,,336,92.0
07A,91.47003,367.73074,95.99333,95.99333,91.74408,84.0,,337,84.0
07D,94.2768,374.388,91.197,91.995,95.196,96.0,,338,96.0
07A,94.47458,376.57891,93.192,95.99333,95.39358,92.0,,339,92.0
07D,92.70649,370.03442,92.1945,92.69325,93.14667,,92.0,340,92.0
07D,91.22566,371.03485,92.1945,91.49625,87.3441,100.0,,341,100.0
07B,92.18905,375.479,94.893,92.394,88.192,100.0,,342,100.0
07B,97.00144,385.43133,96.99,94.1935,98.24783,96.0,,343,96.0
07C,91.5291,361.74698,94.0,92.69825,95.04873,,80.0,344,80.0
07C,90.80407,367.49692,94.0,92.69825,88.79867,92.0,,345,92.0
07C,92.50367,374.69572,94.0,94.69767,89.99805,96.0,,346,96.0
07B,94.9955,380.57875,96.99,92.9925,94.59625,96.0,,347,96.0
07C,94.20365,375.69567,94.0,94.69767,94.998,92.0,,348,92.0
07C,92.19791,372.89408,94.0,92.9975,89.89658,96.0,,349,96.0
07D,98.67383,394.89534,100.0,96.49667,98.39867,100.0,,350,100.0
07C,96.55443,384.14887,94.0,93.2,96.94887,,100.0,351,100.0
07D,95.39761,383.14085,100.0,92.49375,94.6471,96.0,,352,96.0
07A,94.0465,372.186,96.99,94.0,97.196,84.0,,353,84.0
07A,92.22069,375.33555,94.99667,91.995,88.34388,,100.0,354,100.0
08A,82.49762,326.59525,88.0,88.0,86.59525,64.0,,355,64.0
08A,97.0,385.0,97.0,97.0,99.0,92.0,,356,92.0
08B,94.87187,382.09375,97.0,95.5,93.59375,96.0,,357,96.0
08B,94.42154,375.75508,95.0,93.16,95.59508,92.0,,358,92.0
08C,95.96249,381.5395,94.299,94.29317,96.94733,96.0,,359,96.0
08D,82.66962,326.33575,90.9975,90.9975,88.34075,56.0,,360,56.0
08C,91.41506,367.08273,95.29567,92.49375,91.29331,88.0,,361,88.0
08A,92.5,361.0,88.0,88.0,97.0,88.0,,362,88.0
08D,87.32044,340.43738,90.9975,90.9975,94.44238,64.0,,363,64.0
08D,94.572,376.044,97.0,98.0,97.044,84.0,,364,84.0
08C,90.80646,365.08733,88.196,88.196,88.69533,,100.0,365,100.0
08D,95.31962,381.53342,91.995,94.99667,94.54175,100.0,,366,100.0
08D,90.11981,358.73438,91.995,90.9975,91.74188,84.0,,367,84.0
08B,96.29666,385.99333,97.0,97.0,95.99333,96.0,,368,96.0
08A,95.5,377.0,90.0,90.0,97.0,100.0,,369,100.0
08B,96.42271,388.29542,97.0,96.5,94.79542,100.0,,370,100.0
08D,91.41925,361.73325,92.9925,94.0,94.74075,80.0,,371,80.0
08A,92.07108,364.94217,88.0,88.0,92.94217,,96.0,372,96.0
08C,88.29019,354.33012,94.19433,94.591,89.54479,76.0,,373,76.0
08B,96.14587,389.25375,98.0,97.66,93.59375,100.0,,374,100.0
08A,96.7,385.0,94.0,94.0,97.0,100.0,,375,100.0
08B,98.04721,395.85642,100.0,99.66,96.19642,100.0,,376,100.0
08C,95.73166,382.6875,94.19367,96.698,95.79583,96.0,,377,96.0
08D,93.8195,381.332,94.99667,95.99333,90.342,100.0,,378,100.0
08B,95.92141,384.35483,98.0,98.16,96.19483,92.0,,379,92.0
08C,91.23115,368.03671,90.0,89.392,88.64471,100.0,,380,100.0
08C,95.72721,383.18608,92.49375,95.69433,94.998,100.0,,381,100.0
08A,94.0,375.4,91.0,91.0,93.4,100.0,,382,100.0
08C,93.89721,372.58859,95.495,96.49667,96.59692,84.0,,383,84.0
08D,93.4195,376.7855,95.495,97.0,92.2905,92.0,,384,92.0
08C,98.25365,392.441,96.691,97.5,98.25,100.0,,385,100.0
08D,90.29687,365.292,94.0,90.9975,88.2945,92.0,,386,92.0
08D,90.37029,366.43533,91.995,90.9975,87.44283,,96.0,387,96.0
08A,90.84751,360.09502,88.0,88.0,92.09502,,92.0,388,92.0
08B,87.67108,353.05417,95.0,97.16,88.89417,,72.0,389,72.0
08B,93.27204,375.74408,95.0,93.0,91.74408,,96.0,390,96.0
08A,95.94633,381.09267,94.0,94.0,97.09267,96.0,,391,96.0
08B,92.675,372.5,95.0,93.5,92.0,92.0,,392,92.0
08C,92.12531,371.88082,93.99,95.196,90.69482,92.0,,393,92.0
08D,89.92087,360.7365,91.995,90.9975,89.744,88.0,,394,88.0
08B,97.37312,389.37725,97.0,95.33,97.04725,100.0,,395,100.0
08A,94.59666,375.99333,94.0,94.0,95.99333,92.0,,396,92.0
08C,90.63293,365.93625,94.294,94.09225,89.55,,88.0,397,88.0
08D,94.54591,380.38483,95.99333,94.99667,93.39483,96.0,,398,96.0
08B,92.99646,377.57392,98.0,96.83,90.74392,92.0,,399,92.0
08A,94.225,374.45,90.0,90.0,94.45,100.0,,400,100.0
08B,90.34674,362.69348,95.0,93.0,90.69348,84.0,,401,84.0
08C,93.20369,365.79442,94.0,93.69575,98.09867,80.0,,402,80.0
08B,91.94586,370.15373,95.0,95.66,91.49373,88.0,,403,88.0
08D,93.8215,381.336,95.99333,94.99667,90.346,100.0,,404,100.0
08A,86.99843,357.59686,90.0,90.0,81.59686,96.0,,405,96.0
08A,52.0,52.0,,,,52.0,,406,52.0
08D,94.44862,375.9955,94.0,90.9975,94.998,96.0,,407,96.0
08C,90.32631,361.43517,95.29567,94.39367,91.74583,80.0,,408,80.0
08B,90.79638,367.67377,97.0,96.83,89.84377,84.0,,409,84.0
08C,83.08671,334.98887,92.5935,80.0,82.39537,80.0,,410,80.0
08A,94.3,373.0,94.0,94.0,97.0,88.0,,411,88.0
08C,85.99168,331.38801,88.29567,87.99667,95.09567,60.0,,412,60.0
21A,92.39733,368.79467,92.0,92.0,92.79467,92.0,,413,92.0
09C,91.4748,359.58167,93.1945,93.99417,96.393,76.0,,414,76.0
09D,95.29168,378.88941,90.796,92.49833,95.59508,100.0,,415,100.0
09A,85.71093,350.58733,87.99352,89.1,81.49381,,92.0,416,92.0
09B,92.65307,374.69207,93.99417,97.7,90.9979,92.0,,417,92.0
09C,90.84708,356.99417,90.0,85.0,93.99417,,88.0,418,88.0
09A,92.56512,371.43126,94.79383,92.49333,92.1441,92.0,,419,92.0
09D,91.38651,372.09075,97.0,94.59675,88.494,92.0,,420,92.0
21A,94.58756,380.1397,93.993,93.09925,93.04745,100.0,,421,100.0
09A,93.50208,381.89417,98.0,94.7,89.19417,100.0,,422,100.0
09B,91.1245,362.04667,90.0,87.99667,92.05,92.0,,423,92.0
09D,90.19775,361.58968,89.698,90.29368,89.598,92.0,,424,92.0
09B,97.31799,386.79092,93.89275,94.9,97.99817,,100.0,425,100.0
09C,95.47205,388.1441,98.0,98.0,92.1441,100.0,,426,100.0
09B,87.17396,345.94793,90.0,90.0,89.94793,76.0,,427,76.0
09B,93.07285,373.94221,91.995,94.0,91.94721,96.0,,428,96.0
09A,91.81985,373.5292,91.995,96.99,88.5442,96.0,,429,96.0
09C,92.19541,372.58207,95.99333,93.99417,90.59457,92.0,,430,92.0
09A,92.07675,365.79251,88.09857,89.1,92.59394,96.0,,431,96.0
09A,91.32138,365.28927,92.49833,92.99667,91.79427,88.0,,432,88.0
09A,92.4163,365.58427,90.39143,92.39667,94.79617,88.0,,433,88.0
09A,90.28691,365.59282,88.5,90.09857,86.99425,100.0,,434,100.0
09D,90.34775,363.5435,90.0,85.49714,88.04636,100.0,,435,100.0
09B,94.79928,375.99857,90.0,94.0,95.99857,96.0,,436,96.0
09C,92.86545,376.48309,93.99417,92.79467,89.69425,100.0,,437,100.0
09C,95.32058,383.63242,95.99333,93.99417,93.64492,100.0,,438,100.0
09A,92.99018,374.3311,93.29675,93.49,91.54435,96.0,,439,96.0
09D,90.89668,364.739,90.49875,91.995,90.24525,92.0,,440,92.0
09B,89.69707,361.89181,87.99667,87.0,86.89514,,100.0,441,100.0
09B,87.42297,356.04595,90.0,90.0,84.04595,92.0,,442,92.0
09B,90.86828,363.79508,90.0,87.79786,89.99722,96.0,,443,96.0
09A,92.97034,374.78206,92.1955,95.29217,91.29439,,96.0,444,96.0
09C,84.87385,357.14421,91.995,90.0,75.14921,100.0,,445,100.0
09D,88.51097,364.58483,92.1945,96.89533,83.495,92.0,,446,92.0
09B,93.22832,371.19525,90.0,88.198,92.99725,100.0,,447,100.0
09D,87.26242,346.84214,89.997,87.59914,89.246,,80.0,448,80.0
09D,93.52677,380.539,98.1,92.5935,89.8455,100.0,,449,100.0
09D,87.14244,343.59112,89.29533,83.99929,90.2965,80.0,,450,80.0
09C,90.67022,362.88203,86.49381,93.99417,90.39405,92.0,,451,92.0
09C,90.04503,364.48191,93.1945,94.79383,88.49358,88.0,,452,88.0
09A,92.88634,372.88441,90.29624,91.29192,91.29625,100.0,,453,100.0
09D,85.52551,347.88167,89.693,87.49362,82.69505,88.0,,454,88.0
09A,97.54413,387.59542,96.0,93.29592,98.2995,100.0,,455,100.0
09D,90.44838,361.04422,90.5985,87.89786,90.54786,92.0,,456,92.0
09D,87.99587,352.14,90.9975,95.5,89.6425,76.0,,457,76.0
20A,93.32155,374.09119,93.198,92.29925,92.59394,96.0,,458,96.0
09B,93.52207,379.03482,95.99333,95.99333,91.04816,96.0,,459,96.0
09C,93.59712,376.09017,93.99417,97.0,93.096,92.0,,460,92.0
09D,91.29785,363.1422,90.49875,91.99625,92.6472,,88.0,461,88.0
20A,95.71256,383.79069,96.0,93.09367,94.69702,100.0,,462,100.0
09D,92.39621,372.58794,91.29675,94.69683,90.59436,96.0,,463,96.0
09C,82.79664,343.63895,86.49381,89.0,76.14514,92.0,,464,92.0
09C,96.91145,389.6915,98.098,96.0,95.5935,100.0,,465,100.0
09B,93.6294,375.196,98.0,88.196,93.0,96.0,,466,96.0
09D,90.398,363.346,90.0,88.5,88.846,96.0,,467,96.0
09C,91.35993,365.83124,94.79383,94.79383,92.24358,,84.0,468,84.0
09A,89.59188,356.08982,88.09857,89.19579,90.79546,88.0,,469,88.0
09C,90.21151,350.68917,91.0945,87.0,96.59467,76.0,,470,76.0
09B,85.72196,341.03693,91.995,91.995,89.04693,68.0,,471,68.0
09C,95.123,375.54212,88.99445,90.0,96.54767,100.0,,472,100.0
10B,84.12357,334.49714,99.5,90.0,88.99714,,56.0,473,56.0
10A,89.22277,356.64554,93.0,93.0,90.64554,80.0,,474,80.0
10D,92.72147,373.187,91.995,90.4965,90.6955,100.0,,475,100.0
10B,93.525,371.2,99.5,95.0,96.7,80.0,,476,80.0
10D,97.84933,389.39867,94.0,97.0,98.39867,100.0,,477,100.0
10B,98.625,394.8,99.5,97.0,98.3,100.0,,478,100.0
10C,94.9,378.65,93.8,93.7,95.15,96.0,,479,96.0
10A,93.67383,367.94767,96.0,90.0,97.94767,84.0,,480,84.0
10C,85.69,350.0,93.8,92.8,83.4,80.0,,481,80.0
10D,95.5205,379.834,91.995,91.995,95.844,100.0,,482,100.0
10A,91.24733,369.99467,96.0,93.0,88.99467,92.0,,483,92.0
10D,96.51388,383.29567,94.0,92.097,97.19867,100.0,,484,100.0
10A,96.09866,381.79733,96.0,96.0,97.79733,92.0,,485,92.0
10C,91.195,360.8,93.8,92.5,94.5,80.0,,486,80.0
10C,95.22,382.6,94.6,94.2,93.8,100.0,,487,100.0
10D,92.28035,375.73803,94.0,93.39617,88.34186,100.0,,488,100.0
10D,92.42617,372.085,91.995,93.1945,90.8955,96.0,,489,96.0
10C,92.14,371.5,94.3,94.3,90.9,92.0,,490,92.0
10B,96.4215,386.593,99.5,95.0,96.093,96.0,,491,96.0
10D,92.32047,369.28675,91.995,89.499,91.79275,96.0,,492,96.0
10A,93.62316,372.94633,93.0,90.0,93.94633,96.0,,493,96.0
10C,95.56,383.49,95.1,94.0,94.39,,100.0,494,100.0
10C,93.235,370.8,94.8,93.1,94.9,88.0,,495,88.0
10B,89.222,358.794,99.5,93.0,90.294,76.0,,496,76.0
10A,93.89762,373.19525,96.0,90.0,95.19525,92.0,,497,92.0
10B,94.57146,378.09292,99.5,95.0,95.59292,88.0,,498,88.0
10A,96.3735,382.647,93.0,96.0,97.647,96.0,,499,96.0
10A,97.77383,389.94767,99.0,93.0,97.94767,,100.0,500,100.0
10B,92.42312,371.29625,99.5,88.0,91.79625,92.0,,501,92.0
21A,89.72221,362.44443,93.0,93.0,88.44443,88.0,,502,88.0
10D,92.36069,373.93544,92.5965,91.995,89.34394,,100.0,503,100.0
10C,91.46,362.4,91.2,93.2,94.0,84.0,,504,84.0
10C,87.27,346.8,95.6,92.2,91.0,68.0,,505,68.0
10D,94.45697,377.288,91.995,91.3965,93.8965,100.0,,506,100.0
10C,91.925,368.2,91.2,93.3,91.7,92.0,,507,92.0
10D,96.03254,386.04508,94.0,97.4,94.64508,100.0,,508,100.0
10B,95.57196,386.59392,99.5,94.0,93.09392,100.0,,509,100.0
10C,93.97,377.0,93.8,94.0,93.2,96.0,,510,96.0
10A,91.19693,371.99386,96.0,96.0,87.99386,92.0,,511,92.0
10B,89.3985,351.297,100.0,95.0,96.297,60.0,,512,60.0
10B,98.94933,396.14867,99.5,98.0,98.64867,100.0,,513,100.0
10A,95.64966,376.69933,93.0,93.0,98.69933,92.0,,514,92.0
10D,97.26213,387.93867,93.192,97.4,97.34667,100.0,,515,100.0
10B,90.07225,360.1945,99.5,96.0,92.6945,,72.0,516,72.0
10B,97.69716,392.94433,99.5,97.0,96.44433,100.0,,517,100.0
10C,90.245,357.2,93.8,93.5,93.9,76.0,,518,76.0
10A,89.19702,365.59405,96.0,96.0,85.59405,88.0,,519,88.0
10D,93.84883,374.49486,93.998,93.998,94.49886,92.0,,520,92.0
10D,95.64765,378.7875,92.9955,95.99333,97.79867,92.0,,521,92.0
10D,94.86111,378.93592,93.1945,91.3965,94.34492,100.0,,522,100.0
10A,93.7735,373.247,93.0,90.0,94.247,,96.0,523,96.0
10D,87.74725,350.891,91.995,90.0,88.896,80.0,,524,80.0
10C,90.81,376.3,97.2,95.2,83.9,100.0,,525,100.0
10B,98.0735,393.697,99.5,97.0,97.197,100.0,,526,100.0
10A,88.97199,358.54398,96.0,90.0,88.54398,84.0,,527,84.0
10B,91.67183,362.69367,99.5,95.0,96.19367,72.0,,528,72.0
10C,88.92,358.6,91.2,91.6,87.8,88.0,,529,88.0
10B,98.22883,394.84767,99.7,98.0,97.14767,100.0,,530,100.0
11D,90.73,368.0,94.5,89.7,87.8,96.0,,531,96.0
11B,89.2832,355.728,91.995,89.093,90.64,84.0,,532,84.0
11A,94.07,374.93184,92.99667,94.99167,94.9435,92.0,,533,92.0
11B,92.12149,372.03948,91.995,94.0,90.04448,96.0,,534,96.0
11B,94.64579,377.08808,91.995,94.0,95.09308,96.0,,535,96.0
11C,90.06983,369.73033,95.99333,95.99333,85.74367,92.0,,536,92.0
11D,97.495,389.95,95.5,97.3,97.15,100.0,,537,100.0
11C,94.36983,380.73033,95.99333,95.99333,92.74367,96.0,,538,96.0
11D,86.165,360.25,95.5,94.1,78.65,,92.0,539,92.0
11C,93.14608,373.084,95.99333,91.995,93.09567,92.0,,540,92.0
11C,91.82008,375.232,95.99333,91.995,87.24367,100.0,,541,100.0
11A,83.24572,335.73562,95.196,88.29567,84.24395,,68.0,542,68.0
11A,92.43202,363.6395,90.9975,92.396,96.246,84.0,,543,84.0
11D,82.275,324.15,95.0,85.0,88.15,56.0,,544,56.0
11D,90.49,366.95,98.0,99.1,89.85,80.0,,545,80.0
11C,92.49524,374.18233,95.99333,91.995,90.194,96.0,,546,96.0
11A,90.01193,352.94068,86.09829,85.49714,93.34525,88.0,,547,88.0
11B,87.97455,351.18,91.995,93.192,89.993,76.0,,548,76.0
11B,89.19491,357.58283,91.995,91.995,89.59283,84.0,,549,84.0
11A,94.46158,375.43617,92.394,95.196,95.84617,92.0,,550,92.0
11B,91.79559,369.98419,91.995,91.995,89.99419,96.0,,551,96.0
11D,97.425,387.9,96.5,97.0,98.4,96.0,,552,96.0
11A,98.615,394.15,97.6,98.0,98.55,100.0,,553,100.0
11B,86.61067,349.38592,91.995,91.09725,86.29367,80.0,,554,80.0
11A,89.88092,370.33648,98.0,95.39233,84.94415,92.0,,555,92.0
11B,94.18901,375.27916,91.995,89.29233,93.99183,100.0,,556,100.0
11C,97.07183,390.639,99.0,95.99333,95.64567,100.0,,557,100.0
11C,95.07142,384.23819,95.99333,99.0,93.24486,96.0,,558,96.0
11D,97.36,383.1,94.5,88.9,99.7,100.0,,559,100.0
11A,82.14411,338.5806,91.995,84.9941,77.5915,84.0,,560,84.0
11C,89.44533,358.4825,95.99333,91.995,90.49417,80.0,,561,80.0
11A,94.19741,370.28666,91.995,88.99333,97.29833,92.0,,562,92.0
11A,94.43215,375.24,93.1945,94.19933,95.84617,92.0,,563,92.0
11B,91.79546,365.18392,91.995,91.995,93.19392,88.0,,564,88.0
11D,90.74,364.55,94.5,91.6,90.45,88.0,,565,88.0
11D,95.715,380.75,95.5,96.1,97.15,92.0,,566,92.0
11C,97.37199,391.23933,95.99333,99.0,96.246,100.0,,567,100.0
11D,90.06,362.05,93.0,94.9,90.15,84.0,,568,84.0
11A,96.11246,384.98933,95.495,97.597,95.89733,96.0,,569,96.0
11C,88.87002,372.13072,95.99333,95.99333,80.14406,100.0,,570,100.0
11A,97.93243,389.48601,95.59167,95.29567,98.59867,,100.0,571,100.0
11B,93.32698,366.33534,94.99667,89.691,97.64767,,84.0,572,84.0
11B,93.69971,375.32858,93.69075,92.49375,93.14408,96.0,,573,96.0
11B,89.57526,360.93242,96.79067,90.89775,89.244,84.0,,574,84.0
11B,88.64549,355.08048,91.995,89.99,89.09548,84.0,,575,84.0
11B,93.87083,374.13467,91.995,91.995,94.14467,,96.0,576,96.0
11A,92.15506,362.37892,92.394,89.99,95.99492,84.0,,577,84.0
11C,92.72083,379.537,99.0,95.99333,88.54367,,96.0,578,96.0
11C,92.82066,372.43316,95.99333,91.995,92.44483,92.0,,579,92.0
11D,91.815,361.9,94.0,92.1,95.8,80.0,,580,80.0
11D,96.335,384.95,97.5,94.9,96.55,96.0,,581,96.0
11C,96.77116,390.03766,95.99333,99.0,95.04433,100.0,,582,100.0
11D,95.435,383.2,97.0,98.9,95.3,92.0,,583,92.0
11A,91.84678,362.28891,95.99333,94.0,96.29558,76.0,,584,76.0
11D,98.82,394.7,97.5,98.3,98.9,100.0,,585,100.0
11D,92.71,379.1,99.0,95.4,88.7,96.0,,586,96.0
11A,95.28635,383.99014,94.19933,96.397,93.39381,100.0,,587,100.0
11C,95.19652,384.48839,95.99333,99.0,93.49506,96.0,,588,96.0
11B,87.73533,347.83227,91.995,89.093,90.74427,76.0,,589,76.0
12A,84.33,323.35,94.0,92.7,96.65,,40.0,590,40.0
12C,96.8,387.0,97.0,97.0,97.0,96.0,,591,96.0
12C,88.9,367.0,94.0,94.0,83.0,96.0,,592,96.0
12B,90.19705,362.6941,93.0,92.0,89.6941,88.0,,593,88.0
12B,88.37225,350.1445,93.0,93.0,92.1445,72.0,,594,72.0
12A,97.0,390.5,97.0,98.0,95.5,100.0,,595,100.0
12C,95.8,385.0,96.0,98.0,95.0,96.0,,596,96.0
12B,85.42181,336.34362,93.0,92.0,91.34362,60.0,,597,60.0
12A,88.1783,351.5466,90.0,91.7,89.8466,80.0,,598,80.0
12A,97.0,390.5,97.0,98.0,95.5,100.0,,599,100.0
12A,97.5,390.5,99.0,98.0,97.5,96.0,,600,96.0
12D,97.635,388.9,96.5,94.4,98.0,100.0,,601,100.0
12C,93.4,367.0,92.0,90.0,97.0,88.0,,602,88.0
12D,91.14,373.0,98.0,95.6,87.4,92.0,,603,92.0
12A,97.0,389.5,98.0,99.0,96.5,96.0,,604,96.0
12A,97.15,392.2,99.0,98.0,95.2,100.0,,605,100.0
12D,91.14,361.2,95.0,88.6,93.6,84.0,,606,84.0
12B,91.70183,367.24367,93.0,94.2,92.04367,88.0,,607,88.0
12B,90.9323,367.84461,93.0,90.4,88.44461,96.0,,608,96.0
12C,91.95,368.0,99.0,92.0,93.0,84.0,,609,84.0
12B,95.49671,385.39343,96.0,96.0,93.39343,100.0,,610,100.0
12A,93.3,383.1,98.0,97.0,88.1,100.0,,611,100.0
12C,94.1,375.0,94.0,94.0,95.0,92.0,,612,92.0
12B,94.69696,378.59392,93.0,95.0,94.59392,96.0,,613,96.0
12D,95.785,377.9,92.5,91.4,98.0,,96.0,614,96.0
12A,94.485,372.3,95.5,94.4,98.4,,84.0,615,84.0
12D,94.205,373.7,98.0,94.7,97.0,84.0,,616,84.0
12A,98.16,392.4,100.0,94.4,98.0,100.0,,617,100.0
12B,90.79707,362.89414,93.0,94.0,91.89414,84.0,,618,84.0
12A,98.485,389.9,95.5,94.4,100.0,100.0,,619,100.0
12B,91.94208,366.74417,93.0,92.8,92.94417,88.0,,620,88.0
12B,92.32176,372.14352,93.0,96.0,91.14352,,92.0,621,92.0
12A,97.59,388.6,96.0,94.6,98.0,100.0,,622,100.0
12B,97.44362,389.84725,96.0,96.8,97.04725,100.0,,623,100.0
12C,92.3,372.0,92.0,90.0,90.0,100.0,,624,100.0
12C,95.15,382.0,99.0,96.0,95.0,92.0,,625,92.0
12D,97.48,390.2,96.5,96.7,97.0,100.0,,626,100.0
12C,98.3,391.0,96.0,96.0,99.0,,100.0,627,100.0
12D,91.785,371.6,96.5,86.4,88.7,100.0,,628,100.0
12B,96.57262,386.14525,93.0,97.0,96.14525,100.0,,629,100.0
12D,95.135,375.9,95.0,87.9,97.0,96.0,,630,96.0
12D,90.955,374.0,95.0,93.7,85.3,100.0,,631,100.0
12A,95.0,379.0,100.0,98.0,97.0,84.0,,632,84.0
12C,92.3,378.0,96.0,98.0,88.0,96.0,,633,96.0
12B,93.90715,377.59431,93.0,92.4,92.19431,100.0,,634,100.0
12A,93.855,376.05,95.5,94.7,93.85,92.0,,635,92.0
12C,88.9,358.0,92.0,90.0,88.0,88.0,,636,88.0
12D,89.855,362.5,95.0,90.7,88.8,88.0,,637,88.0
12D,82.09,325.9,92.5,87.1,86.3,60.0,,638,60.0
12C,91.3,367.0,94.0,94.0,91.0,,88.0,639,88.0
12A,92.7935,374.997,93.0,95.3,90.697,96.0,,640,96.0
12D,95.745,378.1,95.0,89.3,97.8,96.0,,641,96.0
12D,96.055,387.7,97.0,96.7,94.0,100.0,,642,100.0
12C,94.1,384.0,98.0,96.0,90.0,100.0,,643,100.0
12C,88.85,348.0,95.0,90.0,95.0,68.0,,644,68.0
12D,97.98,391.2,96.5,96.7,98.0,100.0,,645,100.0
12C,93.5,372.0,92.0,90.0,94.0,96.0,,646,96.0
12B,90.89713,363.79427,93.0,95.0,91.79427,84.0,,647,84.0
13B,97.09716,394.19433,100.0,100.0,94.19433,100.0,,648,100.0
13A,95.0,390.0,100.0,100.0,90.0,,100.0,649,100.0
13A,92.57961,366.19745,93.1,90.09745,95.0,88.0,,650,88.0
13A,95.15815,378.79391,95.19829,95.19829,96.39733,92.0,,651,92.0
13A,89.51333,354.39488,90.09745,85.0,91.29743,88.0,,652,88.0
13B,92.49696,372.09392,92.0,93.0,91.09392,96.0,,653,96.0
13D,94.92312,378.63925,91.995,91.995,94.64925,100.0,,654,100.0
13C,81.58956,325.4326,94.0,89.79067,85.64193,56.0,,655,56.0
13C,92.79725,374.7945,94.0,94.0,90.7945,96.0,,656,96.0
13C,92.08565,370.33588,94.0,93.09225,91.24363,92.0,,657,92.0
13C,90.28535,368.43004,93.192,92.89275,86.34529,96.0,,658,96.0
13A,95.49475,372.29835,88.29835,85.0,99.0,100.0,,659,100.0
13B,87.12221,341.34442,87.0,90.0,92.34442,72.0,,660,72.0
13D,93.46178,376.23751,94.99667,96.59467,92.64617,92.0,,661,92.0
13B,94.09704,374.19408,90.0,90.0,94.19408,100.0,,662,100.0
13C,88.73979,350.97797,93.09225,86.19114,91.69458,80.0,,663,80.0
13A,90.28813,364.89417,84.5,93.097,87.29717,100.0,,664,100.0
13D,89.53588,356.68652,96.097,92.4955,92.09402,76.0,,665,76.0
13D,97.3926,385.88867,94.197,93.09367,98.598,100.0,,666,100.0
13A,95.82383,377.69531,95.19829,88.29835,98.19867,96.0,,667,96.0
13B,95.34741,380.19483,90.0,95.0,95.19483,100.0,,668,100.0
13A,86.99847,343.39695,85.0,85.0,89.39695,84.0,,669,84.0
13A,90.51414,363.29829,85.0,93.1,89.19829,96.0,,670,96.0
13A,83.24687,340.69374,85.0,85.0,78.69374,,92.0,671,92.0
13D,84.96079,337.48531,91.49625,89.59479,88.39427,68.0,,672,68.0
13D,94.94185,387.99138,97.99667,99.3,90.69471,100.0,,673,100.0
13C,91.03976,364.58025,93.09225,92.1945,91.2935,88.0,,674,88.0
13C,90.39691,364.49383,97.0,90.0,89.49383,88.0,,675,88.0
13D,89.86085,363.08436,91.995,91.0945,87.99486,92.0,,676,92.0
13D,95.59725,383.13669,95.99333,92.4955,94.64786,100.0,,677,100.0
13C,94.22609,379.48658,93.192,94.0,92.29458,100.0,,678,100.0
13A,94.87907,374.39696,100.0,95.19829,99.19867,80.0,,679,80.0
13D,96.39243,390.89253,97.99667,99.3,93.59586,100.0,,680,100.0
13B,91.19685,372.99371,95.0,95.0,86.99371,96.0,,681,96.0
13B,89.64695,364.9939,90.0,93.0,85.9939,96.0,,682,96.0
20A,97.7171,389.68534,95.29567,96.49167,97.898,100.0,,683,100.0
13D,92.69155,369.23737,94.197,89.59479,93.44558,92.0,,684,92.0
13B,92.9975,371.995,90.0,90.0,91.995,100.0,,685,100.0
13C,97.774,388.948,97.0,97.0,98.948,,96.0,686,96.0
13D,92.86632,371.9869,94.197,89.59479,92.19511,96.0,,687,96.0
13C,92.30146,363.885,91.197,89.49167,95.19633,88.0,,688,88.0
13A,94.20835,383.4925,98.197,98.197,91.0985,96.0,,689,96.0
13B,97.47383,387.94767,95.0,95.0,97.94767,,100.0,690,100.0
13C,93.37033,373.93134,95.794,96.19267,93.94467,88.0,,691,88.0
13C,89.37266,350.64533,90.0,87.0,93.64533,80.0,,692,80.0
13C,95.7503,379.735,93.192,90.0,96.543,100.0,,693,100.0
13D,94.46713,386.04427,100.0,99.3,90.74427,96.0,,694,96.0
13B,91.1971,371.5942,93.0,95.0,87.5942,96.0,,695,96.0
13B,97.02241,389.84483,100.0,94.0,95.84483,,100.0,696,100.0
13B,95.49771,385.39542,97.0,95.0,93.39542,100.0,,697,100.0
13C,89.49795,365.0959,97.0,90.0,86.0959,92.0,,698,92.0
13A,95.94429,381.29529,93.097,95.19829,97.0,96.0,,699,96.0
13A,82.82825,337.39293,90.09745,90.09745,81.19803,76.0,,700,76.0
13B,83.39702,340.59405,95.0,95.0,82.59405,68.0,,701,68.0
13D,87.62064,361.98543,94.99667,89.49495,81.49381,96.0,,702,96.0
13D,90.11671,359.28675,92.79467,90.99579,91.49629,,84.0,703,84.0
13A,85.68865,335.79499,88.29835,88.29835,91.19829,68.0,,704,68.0
13D,95.14234,385.99236,97.99667,99.3,92.69569,96.0,,705,96.0
13B,98.97383,397.94767,100.0,100.0,97.94767,100.0,,706,100.0
14B,94.55932,378.3355,92.8,91.7955,93.74,100.0,,707,100.0
14C,85.62,342.14,94.0,85.0,87.14,76.0,,708,76.0
14B,93.2922,373.18881,90.0,94.292,92.89681,96.0,,709,96.0
14C,92.37,380.19,98.5,95.0,86.69,100.0,,710,100.0
14A,92.89966,377.09933,96.0,95.0,90.09933,96.0,,711,96.0
14C,97.795,394.19,100.0,98.0,96.19,100.0,,712,100.0
14B,93.82772,365.5895,90.89775,91.29375,99.398,84.0,,713,84.0
14B,86.18117,352.49042,90.8,91.09725,82.59317,88.0,,714,88.0
14C,89.12,364.04,96.0,94.0,86.04,88.0,,715,88.0
14D,91.62101,373.18433,96.697,95.792,88.69533,92.0,,716,92.0
14B,80.05538,318.98774,90.0,92.39567,84.59207,52.0,,717,52.0
14C,97.45,387.6,96.0,97.0,98.6,96.0,,718,96.0
14A,95.42275,380.7455,95.0,94.0,95.7455,96.0,,719,96.0
14C,92.02,379.14,98.0,95.0,86.14,100.0,,720,100.0
14A,91.19696,380.29393,98.0,99.0,83.29393,100.0,,721,100.0
14A,92.94585,373.09171,97.0,95.0,93.09171,88.0,,722,88.0
20A,96.95868,387.94667,97.599,97.3,97.04767,96.0,,723,96.0
14B,98.42855,394.895,99.0,98.197,97.698,100.0,,724,100.0
14A,95.8485,381.297,96.0,96.0,97.297,92.0,,725,92.0
14A,88.94885,365.39771,95.0,94.0,84.39771,92.0,,726,92.0
14D,92.48566,368.28608,91.0945,88.498,92.69358,96.0,,727,96.0
14D,88.73023,359.98225,91.89325,89.995,86.094,92.0,,728,92.0
14C,95.52,380.24,94.0,94.0,96.24,96.0,,729,96.0
14C,97.0245,387.049,96.0,94.0,97.049,,100.0,730,100.0
14C,86.82,358.04,98.0,90.0,82.04,,88.0,731,88.0
14D,97.6828,391.09117,97.49667,96.397,97.1975,100.0,,732,100.0
14A,83.72125,351.8425,95.0,93.0,75.8425,,88.0,733,88.0
21A,93.92534,380.33462,96.698,95.99333,91.64329,96.0,,734,96.0
14A,97.65,389.7,96.0,96.0,97.7,,100.0,735,100.0
14A,95.92425,387.3485,97.0,100.0,94.3485,96.0,,736,96.0
14B,88.89525,363.63817,96.49667,97.0,86.1415,,84.0,737,84.0
14B,85.55653,340.54003,87.99667,88.899,87.64436,76.0,,738,76.0
14A,94.69771,379.99542,95.0,95.0,93.99542,96.0,,739,96.0
14A,93.39925,371.4985,93.0,92.0,94.4985,92.0,,740,92.0
14C,85.12,340.14,94.0,87.0,87.14,72.0,,741,72.0
14C,86.545,349.19,94.0,89.0,86.19,80.0,,742,80.0
14C,93.97,369.94,94.0,94.0,97.94,84.0,,743,84.0
21A,96.94733,387.93884,94.99167,96.5,96.44717,100.0,,744,100.0
14D,95.50881,381.3255,95.59267,93.99,95.74283,96.0,,745,96.0
14B,95.6316,382.1355,95.99333,94.39567,95.7465,96.0,,746,96.0
14A,96.12225,383.5445,96.0,95.0,96.5445,96.0,,747,96.0
14B,96.916,392.992,99.0,99.8,94.192,100.0,,748,100.0
14B,97.56837,389.38917,95.29717,96.492,97.6,,100.0,749,100.0
14C,93.12,370.59,94.5,90.0,94.09,92.0,,750,92.0
14A,89.373,352.746,91.0,89.0,92.746,80.0,,751,80.0
14C,92.82,368.99,94.5,92.0,94.49,88.0,,752,88.0
14C,90.595,358.69,95.0,90.0,93.69,80.0,,753,80.0
14A,97.4995,389.399,97.0,95.0,97.399,100.0,,754,100.0
14D,92.5992,366.9292,94.19683,89.99,94.74237,88.0,,755,88.0
14D,90.6489,365.7815,94.292,90.399,89.0905,92.0,,756,92.0
14D,93.44822,380.99505,98.6,96.398,89.99705,96.0,,757,96.0
14B,90.45331,362.07875,89.29233,94.09642,90.69,88.0,,758,88.0
14A,94.725,379.75,97.0,96.0,94.75,92.0,,759,92.0
14B,97.37212,385.63783,90.9975,95.99333,98.647,100.0,,760,100.0
14D,90.39661,367.33483,98.098,96.39,88.84683,,84.0,761,84.0
14D,92.88,381.48254,96.995,96.89433,87.59321,100.0,,762,100.0
14D,75.01659,308.08783,88.99333,88.799,74.2955,56.0,,763,56.0
14B,89.7716,359.38989,90.69825,90.797,89.89464,88.0,,764,88.0
14D,96.66358,389.59717,99.1,99.0,95.49717,96.0,,765,96.0
15C,97.28618,390.78584,96.69767,97.893,96.19517,100.0,,766,100.0
15A,91.81124,373.58268,95.495,93.591,88.49668,,96.0,767,96.0
15C,91.41169,364.78454,93.59375,87.49362,91.69717,92.0,,768,92.0
15B,92.99495,372.78156,96.29233,91.69575,92.79348,92.0,,769,92.0
15C,91.45073,376.38517,95.59767,95.09333,85.69417,100.0,,770,100.0
15C,92.3611,369.839,93.29675,92.29867,92.24358,,92.0,771,92.0
15A,93.1812,373.83634,96.09567,96.29567,93.445,88.0,,772,88.0
15D,90.95,365.0,97.0,96.0,92.0,80.0,,773,80.0
15A,93.50845,375.78967,96.19267,91.197,92.4,96.0,,774,96.0
15D,92.4,372.0,96.0,96.0,92.0,88.0,,775,88.0
15C,95.24511,385.58042,96.392,96.594,92.59442,100.0,,776,100.0
15A,95.53736,383.13942,97.4,94.69242,95.047,96.0,,777,96.0
15B,91.23393,373.48029,96.29233,94.29683,86.89113,96.0,,778,96.0
15A,93.8129,383.4923,96.4,97.695,89.3973,100.0,,779,100.0
15B,90.60542,365.58047,96.79067,94.5945,90.1953,84.0,,780,84.0
15A,91.19232,373.19308,93.49875,96.799,86.89533,96.0,,781,96.0
15A,91.79172,373.68802,95.196,94.09625,88.39577,96.0,,782,96.0
15D,89.2,356.0,96.0,96.0,92.0,72.0,,783,72.0
15B,89.06482,369.2795,95.99333,94.79217,82.494,96.0,,784,96.0
15C,91.99658,376.38826,97.593,98.4,88.39526,92.0,,785,92.0
15B,94.82093,380.6365,96.29233,97.7,94.64417,92.0,,786,92.0
15D,93.2,376.0,96.0,96.0,92.0,92.0,,787,92.0
15A,95.79758,378.387,95.99333,91.995,98.39867,92.0,,788,92.0
15B,93.78716,378.19083,95.196,91.399,91.59583,100.0,,789,100.0
15B,97.20315,387.19175,99.2,90.4935,97.49825,,100.0,790,100.0
15D,92.39925,373.995,91.995,96.0,90.0,96.0,,791,96.0
15A,85.02627,339.83538,95.196,92.49375,88.14563,64.0,,792,64.0
15C,94.59257,372.3885,95.196,91.0945,98.098,88.0,,793,88.0
15D,90.6,366.0,96.0,96.0,90.0,84.0,,794,84.0
15A,90.3181,361.49154,93.8,95.99333,91.69821,,80.0,795,80.0
15C,94.78657,387.54175,98.098,99.0,90.44375,100.0,,796,100.0
15D,94.8,384.0,96.0,96.0,92.0,,100.0,797,100.0
15B,98.65851,394.09166,96.29233,99.1,98.69933,100.0,,798,100.0
15D,96.8,388.0,96.0,96.0,96.0,100.0,,799,100.0
15D,89.8,362.0,96.0,96.0,90.0,80.0,,800,80.0
15D,97.3,389.0,96.0,96.0,97.0,100.0,,801,100.0
15B,91.69108,371.89217,99.0,98.3,90.59217,84.0,,802,84.0
15B,97.36647,388.98408,95.99333,95.794,97.19675,,100.0,803,100.0
15C,89.97987,375.32715,96.392,96.99,81.94515,100.0,,804,100.0
15A,90.95602,377.6375,99.5,94.3935,83.744,100.0,,805,100.0
15C,97.5926,389.78517,96.392,95.89367,97.4995,100.0,,806,100.0
15A,97.17851,389.59317,99.2,93.9945,96.39867,100.0,,807,100.0
15C,89.24568,352.93454,94.59475,92.8955,93.44429,72.0,,808,72.0
15D,95.7,381.0,96.0,96.0,97.0,92.0,,809,92.0
15A,84.72022,337.73392,95.59467,93.396,88.74325,60.0,,810,60.0
15A,91.89439,375.77945,95.99333,95.99333,87.79279,96.0,,811,96.0
15B,88.52722,363.58858,95.99333,88.19829,83.39696,96.0,,812,96.0
15D,96.5,385.0,96.0,96.0,97.0,96.0,,813,96.0
15D,87.15,355.0,97.0,96.0,86.0,76.0,,814,76.0
15C,98.85416,396.44833,98.7,99.5,98.24833,100.0,,815,100.0
15C,98.94966,396.84933,99.5,99.0,98.34933,100.0,,816,100.0
15B,97.69749,391.19033,95.99333,98.0,97.197,100.0,,817,100.0
15D,88.4,364.0,96.0,96.0,84.0,88.0,,818,88.0
15C,85.86564,340.43495,91.197,88.09395,89.144,,72.0,819,72.0
15B,86.25453,343.13266,95.794,93.09683,90.24183,64.0,,820,64.0
15C,85.66047,337.635,96.696,92.8955,92.0435,56.0,,821,56.0
15A,93.53339,367.63933,95.99333,93.396,98.25,80.0,,822,80.0
15B,91.47105,369.28737,94.299,86.19424,88.79413,100.0,,823,100.0
15B,94.46502,384.58469,96.29233,97.5,90.79236,100.0,,824,100.0
15D,90.8,364.0,96.0,96.0,92.0,80.0,,825,80.0
16B,91.62446,367.47983,95.99333,95.19367,92.29283,84.0,,826,84.0
16A,82.11064,330.89629,91.0,92.25,83.64629,,64.0,827,64.0
16A,95.4625,381.0,95.0,94.25,95.75,96.0,,828,96.0
16C,85.59243,345.57086,93.99,89.99,85.59086,76.0,,829,76.0
16C,95.9002,380.4285,93.19,93.993,97.2455,96.0,,830,96.0
16D,93.27325,377.5465,97.0,97.0,91.5465,92.0,,831,92.0
16D,97.01395,388.1465,97.0,94.598,96.5485,100.0,,832,100.0
16B,87.78667,354.63775,97.395,96.697,88.54575,72.0,,833,72.0
16A,94.525,377.6,94.5,96.0,95.1,92.0,,834,92.0
16B,95.50563,381.23333,95.99333,96.89533,96.34467,92.0,,835,92.0
16D,94.13675,378.94,94.6,95.495,92.845,96.0,,836,96.0
16D,93.42717,379.29225,95.2,93.997,90.09525,100.0,,837,100.0
16C,93.8535,382.38,93.99,98.4,89.99,100.0,,838,100.0
16A,91.48126,362.24175,94.25,93.29175,94.7,80.0,,839,80.0
16C,94.49263,372.87267,89.992,86.99,95.89067,100.0,,840,100.0
16D,97.355,387.15,94.0,95.2,97.95,100.0,,841,100.0
16A,94.4875,382.55,97.0,97.25,92.3,96.0,,842,96.0
16B,96.1819,386.33575,95.99333,95.39517,94.94725,100.0,,843,100.0
21A,91.0,375.75,98.0,96.5,85.25,96.0,,844,96.0
16A,95.6875,377.65,94.25,93.0,98.4,92.0,,845,92.0
16C,91.90752,369.2235,91.99,90.5935,90.64,,96.0,846,96.0
16B,97.84132,389.23366,95.99333,94.79383,98.4465,100.0,,847,100.0
16C,89.57257,359.17383,91.99,93.19383,89.99,84.0,,848,84.0
16B,94.51653,384.3912,98.39867,98.39867,91.59386,96.0,,849,96.0
16B,93.80517,375.43241,96.89533,95.99333,94.54375,88.0,,850,88.0
16D,97.415,387.55,93.2,96.4,97.95,100.0,,851,100.0
16D,94.65925,384.3985,98.5,97.9,91.9985,96.0,,852,96.0
16D,91.9897,369.798,92.0,94.598,91.2,92.0,,853,92.0
16A,91.6,362.0,92.0,88.0,94.0,88.0,,854,88.0
16B,93.89756,377.0917,98.39867,96.59642,94.09661,88.0,,855,88.0
16C,90.82009,355.93522,90.89775,86.09514,94.94233,84.0,,856,84.0
16D,96.73383,387.79767,97.0,94.9,95.89767,100.0,,857,100.0
16D,97.399,385.69567,92.0,94.99667,98.699,100.0,,858,100.0
16B,84.36922,335.8825,91.3935,89.098,87.391,,68.0,859,68.0
16C,88.93884,351.68233,87.0,89.29233,91.39,84.0,,860,84.0
16A,90.9125,361.15,91.0,89.75,92.4,,88.0,861,88.0
16C,85.30317,328.97785,87.29371,84.09414,93.59,64.0,,862,64.0
16A,96.9672,386.8395,96.093,97.2,97.5465,96.0,,863,96.0
16C,93.74538,370.03167,88.495,89.992,95.54467,96.0,,864,96.0
16B,90.94087,364.73569,94.79383,90.9975,90.94436,88.0,,865,88.0
16A,90.425,360.5,95.5,96.0,93.0,76.0,,866,76.0
16D,92.4,368.8,94.0,90.0,92.8,,92.0,867,92.0
16B,93.597,370.637,95.99333,97.49667,97.147,80.0,,868,80.0
16C,95.12292,381.27325,93.49125,93.69075,94.09125,100.0,,869,100.0
16A,92.75,372.75,98.5,97.0,93.25,84.0,,870,84.0
16B,98.90375,393.74517,99.2,94.99667,99.5485,100.0,,871,100.0
16C,93.09416,369.7792,91.995,87.99195,93.79225,96.0,,872,96.0
16D,90.7347,369.898,95.5,91.398,87.0,96.0,,873,96.0
16B,91.07148,367.63667,96.89533,96.09567,90.64567,84.0,,874,84.0
16C,88.76771,343.97317,89.99,89.4925,96.49067,68.0,,875,68.0
16A,91.9625,371.25,94.25,94.5,90.5,92.0,,876,92.0
16D,96.294,388.598,97.0,97.3,94.298,100.0,,877,100.0
16C,94.95375,379.727,94.895,93.99,94.842,96.0,,878,96.0
16B,96.4931,384.89084,97.79567,97.49667,97.5985,,92.0,879,92.0
16D,96.7444,384.946,95.2,92.596,97.15,100.0,,880,100.0
16B,92.42008,376.83083,95.99333,95.99333,88.84417,96.0,,881,96.0
16D,99.025,395.6,97.6,98.9,99.1,100.0,,882,100.0
16A,94.175,382.75,95.0,97.0,90.75,100.0,,883,100.0
16A,89.4,367.0,96.0,94.0,85.0,92.0,,884,92.0
17C,93.66616,370.88533,93.1945,93.5955,96.09533,88.0,,885,88.0
17D,95.89503,386.18074,95.99333,95.99333,94.19408,100.0,,886,100.0
17A,96.163,385.046,94.6,95.0,95.446,100.0,,887,100.0
17C,80.42007,312.17964,89.49167,88.99333,89.69464,44.0,,888,44.0
17D,91.51522,374.18147,95.99333,94.79383,87.39431,96.0,,889,96.0
17A,94.43226,379.74452,92.4,98.0,93.34452,96.0,,890,96.0
17A,95.40775,381.9955,92.4,95.0,94.5955,100.0,,891,100.0
17C,91.07033,355.33083,86.49381,85.49214,95.34488,88.0,,892,88.0
17D,95.17501,381.78092,95.99333,95.19367,94.59392,96.0,,893,96.0
17B,89.05,351.8,93.0,90.0,92.8,76.0,,894,76.0
17D,94.27058,383.98417,97.49667,95.99333,90.49417,100.0,,895,100.0
17B,92.0,367.0,94.0,92.0,93.0,88.0,,896,88.0
17A,80.04734,348.29468,95.0,95.0,66.29468,92.0,,897,92.0
17A,88.83688,364.24376,96.1,95.0,85.14376,88.0,,898,88.0
17A,97.19866,387.79733,99.0,95.0,97.79733,96.0,,899,96.0
17D,94.05539,383.13285,96.89533,95.99333,90.24419,100.0,,900,100.0
17B,96.75,382.4,96.0,95.0,99.4,92.0,,901,92.0
17B,93.79925,378.8985,95.0,96.0,91.8985,96.0,,902,96.0
17A,92.71264,374.74529,96.6,95.0,91.14529,92.0,,903,92.0
17B,93.97425,378.9485,97.0,97.0,92.9485,92.0,,904,92.0
17D,89.56498,360.68099,95.99333,94.79383,89.89383,80.0,,905,80.0
17A,88.16205,359.4941,98.1,95.0,86.3941,80.0,,906,80.0
17C,98.33297,388.8865,93.1945,95.692,100.0,100.0,,907,100.0
17A,85.33188,347.04376,88.4,95.0,83.64376,80.0,,908,80.0
17C,89.72039,358.88528,91.995,85.49714,89.39314,92.0,,909,92.0
17A,96.01355,383.0471,95.6,95.0,96.4471,96.0,,910,96.0
17C,92.28189,377.18679,95.99333,96.89667,88.29679,96.0,,911,96.0
17C,91.37572,375.18293,95.99333,93.1945,85.9951,100.0,,912,100.0
17A,93.71266,372.59533,94.1,95.0,95.49533,88.0,,913,88.0
21A,93.36991,376.33049,95.99333,95.99333,92.34383,92.0,,914,92.0
17D,90.59508,365.582,95.99333,91.995,89.59367,88.0,,915,88.0
17D,94.31503,377.38108,95.99333,94.79383,94.59392,92.0,,916,92.0
17A,84.14681,340.99362,90.0,95.0,83.99362,72.0,,917,72.0
17C,92.48567,375.63423,95.99333,94.0965,89.5444,96.0,,918,96.0
17C,93.38741,363.18629,92.5935,83.99429,98.5985,88.0,,919,88.0
17D,95.35299,382.69666,95.99333,95.99333,94.71,96.0,,920,96.0
17C,97.72913,393.495,100.0,97.19533,96.29967,,100.0,921,100.0
17C,93.32244,378.69488,97.5,98.0,91.19488,92.0,,922,92.0
17B,95.649,383.298,96.0,96.0,95.298,96.0,,923,96.0
17C,90.12122,358.93378,88.99333,83.99429,89.94616,96.0,,924,96.0
17D,84.04017,341.03195,95.99333,92.79467,84.24395,,68.0,925,68.0
17B,98.3,390.0,97.0,97.0,100.0,96.0,,926,96.0
17C,91.32091,376.03716,95.99333,98.0,86.04383,96.0,,927,96.0
17A,89.0971,366.0942,93.0,100.0,85.0942,88.0,,928,88.0
17B,96.27425,377.5485,88.0,94.0,99.5485,96.0,,929,96.0
17B,96.62425,382.5485,98.0,97.0,99.5485,88.0,,930,88.0
17C,87.14611,353.18757,98.0,88.99333,86.19424,80.0,,931,80.0
17B,92.62375,366.9475,96.0,95.0,95.9475,80.0,,932,80.0
17D,93.93986,377.63133,95.99333,92.79467,92.84333,96.0,,933,96.0
17B,96.87425,385.7485,98.0,94.0,97.7485,,96.0,934,96.0
17B,95.57325,376.9465,95.0,95.0,98.9465,88.0,,935,88.0
17D,94.6149,377.98083,95.99333,94.79383,95.19367,92.0,,936,92.0
17C,96.65713,389.38867,97.49667,96.89533,94.99667,100.0,,937,100.0
17B,91.29943,367.69886,95.0,94.0,90.69886,88.0,,938,88.0
17A,83.44712,331.29425,85.0,95.0,87.29425,,64.0,939,64.0
17B,96.2995,388.399,97.0,97.0,94.399,100.0,,940,100.0
17D,91.06491,368.48085,95.99333,94.79383,89.69369,88.0,,941,88.0
17D,93.51511,378.18124,95.99333,94.79383,91.39408,96.0,,942,96.0
17B,89.99712,361.59424,94.0,90.0,89.59424,88.0,,943,88.0
18C,96.8,388.0,96.0,96.0,96.0,,100.0,944,100.0
18A,85.65397,355.39795,88.0,92.7,78.69795,,96.0,945,96.0
18C,96.03955,387.597,99.0,94.597,94.0,100.0,,946,100.0
18B,88.55618,349.93393,89.89383,84.9941,91.046,,84.0,947,84.0
18A,94.335,372.9,88.0,92.9,96.0,96.0,,948,96.0
18D,93.81933,379.79558,95.69833,93.09725,91.0,100.0,,949,100.0
18C,93.1098,384.39867,99.0,98.39867,87.0,,100.0,950,100.0
18D,87.54091,351.03518,91.0,91.7905,88.24468,80.0,,951,80.0
18C,93.35927,380.39517,97.49667,96.8985,90.0,96.0,,952,96.0
18D,94.50904,381.24511,96.0,92.89575,92.34936,100.0,,953,100.0
18D,93.6971,376.54333,92.0,92.49875,92.04458,100.0,,954,100.0
18A,89.19,366.6,94.0,92.6,84.0,96.0,,955,96.0
18A,93.8,374.0,92.0,92.0,94.0,96.0,,956,96.0
18D,91.18095,363.83561,90.0,90.391,91.44461,92.0,,957,92.0
18C,95.71335,381.089,96.89533,95.19367,97.0,92.0,,958,92.0
18D,89.19007,364.58431,90.0,90.29167,84.29264,100.0,,959,100.0
18B,96.76758,380.78624,96.59467,85.19257,98.999,,100.0,960,100.0
18D,91.4258,370.38426,90.399,91.7905,88.19476,100.0,,961,100.0
18C,89.10842,369.3895,92.49333,94.89617,82.0,100.0,,962,100.0
18D,94.88277,380.99059,94.49292,96.4,94.09767,96.0,,963,96.0
18A,94.105,381.7,96.0,94.7,91.0,100.0,,964,100.0
18D,92.69125,373.333,91.29517,91.49125,90.54658,100.0,,965,100.0
18D,94.89257,384.04304,95.398,96.399,92.24604,100.0,,966,100.0
18A,86.535,349.9,100.0,90.9,87.0,72.0,,967,72.0
18D,93.0875,371.89395,90.0,89.5985,92.29545,100.0,,968,100.0
18A,90.71,356.4,90.0,91.4,95.0,80.0,,969,80.0
18C,91.8735,369.49,92.49333,93.99667,91.0,92.0,,970,92.0
18B,91.83089,365.78373,90.49417,87.39431,91.89525,96.0,,971,96.0
18B,88.68202,352.28598,90.49417,87.39431,90.3975,84.0,,972,84.0
18C,94.2235,381.49,97.49667,95.99333,92.0,96.0,,973,96.0
21A,97.915,386.1,94.0,92.1,100.0,100.0,,974,100.0
18C,93.42847,376.18983,93.396,94.79383,92.0,96.0,,975,96.0
18C,95.79799,385.98666,95.99333,95.99333,94.0,100.0,,976,100.0
18B,92.87732,371.58684,90.49417,92.69467,92.398,96.0,,977,96.0
21A,94.59675,382.59175,95.4975,98.5,92.59425,96.0,,978,96.0
18B,93.93634,377.13845,100.0,88.09395,93.0445,96.0,,979,96.0
18D,93.12468,377.49792,94.0,93.49792,90.0,,100.0,980,100.0
18B,96.19762,381.54117,90.49417,94.0,97.047,100.0,,981,100.0
18A,92.04,370.6,94.0,93.6,91.0,92.0,,982,92.0
18B,91.99729,370.7405,90.49417,94.0,90.24633,96.0,,983,96.0
18D,91.51226,368.08175,91.49125,90.5905,90.0,96.0,,984,96.0
18B,96.73867,383.0435,91.0945,94.0,97.949,100.0,,985,100.0
18B,92.08708,375.54032,91.0945,100.0,88.44582,96.0,,986,96.0
18B,90.40015,366.63471,91.995,91.197,87.44271,96.0,,987,96.0
18D,96.04368,376.89434,90.0,88.29567,98.59867,100.0,,988,100.0
18A,94.16,375.4,95.0,93.4,95.0,92.0,,989,92.0
18A,95.56,383.4,100.0,92.4,95.0,96.0,,990,96.0
18C,95.5647,389.098,99.0,98.098,92.0,100.0,,991,100.0
18A,94.745,372.3,92.0,90.3,98.0,92.0,,992,92.0
18B,88.99097,356.3356,90.49417,92.29675,89.54468,84.0,,993,84.0
18C,88.31821,347.78807,92.39362,90.39445,93.0,72.0,,994,72.0
18B,95.50711,381.83805,90.49417,96.397,94.94688,100.0,,995,100.0
18C,95.4941,385.294,98.39867,96.89533,94.0,96.0,,996,96.0
18B,94.5109,372.38317,90.49417,92.5935,97.2955,92.0,,997,92.0
18A,87.69,354.6,88.0,92.6,86.0,,88.0,998,88.0
18D,86.97691,348.38383,88.794,88.39171,87.19812,84.0,,999,84.0
18A,95.64,381.6,96.0,93.6,96.0,96.0,,1000,96.0
18C,93.3484,378.98934,94.49467,94.49467,90.0,100.0,,1001,100.0
18C,91.94877,367.99183,94.0965,96.89533,93.0,84.0,,1002,84.0
19C,94.49666,373.99333,92.0,90.0,95.99333,,96.0,1003,96.0
20A,88.0777,361.94139,88.79925,90.895,82.24714,100.0,,1004,100.0
19A,83.3154,331.58255,92.79467,87.99352,86.79436,,64.0,1005,64.0
19A,96.81194,384.93583,92.79467,94.79383,97.34733,100.0,,1006,100.0
19A,95.46699,378.5885,91.995,93.79717,96.79633,96.0,,1007,96.0
19A,89.80962,359.58131,91.995,93.09367,90.49264,,84.0,1008,84.0
19D,90.04024,358.98172,89.19414,84.09333,89.69425,96.0,,1009,96.0
19B,94.51908,372.28234,89.49167,90.0,96.79067,96.0,,1010,96.0
19C,88.19784,351.39569,90.0,88.0,89.39569,84.0,,1011,84.0
19A,93.22268,374.23767,93.4935,92.4955,92.24867,96.0,,1012,96.0
19B,94.07018,380.13512,99.0,92.9925,92.14262,96.0,,1013,96.0
19A,96.19639,383.33183,94.491,95.99333,96.8475,96.0,,1014,96.0
19C,90.32371,363.94742,92.0,91.0,88.94742,92.0,,1015,92.0
19C,94.99666,375.99333,91.0,89.0,95.99333,100.0,,1016,100.0
19C,89.14741,355.69483,90.0,88.0,89.69483,88.0,,1017,88.0
19B,97.39666,391.99333,97.0,99.0,95.99333,100.0,,1018,100.0
19A,91.08721,365.93591,93.99417,93.09367,90.84807,88.0,,1019,88.0
19A,91.68335,370.74017,91.995,93.39567,89.3495,96.0,,1020,96.0
19C,89.39708,349.99417,89.0,87.0,93.99417,80.0,,1021,80.0
19D,93.17165,377.98689,93.99417,97.49667,90.49605,96.0,,1022,96.0
19B,90.06981,356.93263,90.9975,92.9925,92.94263,80.0,,1023,80.0
19B,91.521,368.73675,90.0,92.9925,89.74425,96.0,,1024,96.0
19B,98.0,392.2,100.0,98.0,98.2,96.0,,1025,96.0
19D,95.68252,384.69236,98.39867,95.4975,94.79619,96.0,,1026,96.0
19C,95.59666,379.99333,93.0,91.0,95.99333,100.0,,1027,100.0
19D,92.58144,369.43522,93.99417,90.39486,93.04619,92.0,,1028,92.0
19A,88.08141,357.68524,92.79467,91.0945,85.79607,88.0,,1029,88.0
19B,84.89557,339.38415,91.995,91.995,87.39415,,68.0,1030,68.0
19D,90.49565,362.93314,92.49333,91.995,90.44481,88.0,,1031,88.0
19D,92.44537,370.93272,93.99417,89.49436,91.44419,96.0,,1032,96.0
19B,97.45,389.0,98.0,97.0,98.0,96.0,,1033,96.0
19C,93.87254,375.84508,92.0,91.0,92.84508,100.0,,1034,100.0
19D,89.62149,362.23541,91.995,93.99417,88.24624,88.0,,1035,88.0
19B,93.72106,377.7398,98.0,94.99667,92.74313,92.0,,1036,92.0
19D,92.98555,370.98279,91.0945,87.49362,92.39467,100.0,,1037,100.0
19B,90.12337,357.79558,94.49833,94.0,93.29725,76.0,,1038,76.0
19C,82.42094,323.64188,87.0,85.0,87.64188,,64.0,1039,64.0
19A,97.03318,388.74543,94.0,98.39867,96.34676,100.0,,1040,100.0
19C,89.12231,351.14462,87.0,88.0,92.14462,84.0,,1041,84.0
19A,86.50759,345.99064,94.0,91.3935,88.59714,72.0,,1042,72.0
19D,91.82132,363.83482,93.99417,87.99464,93.84601,88.0,,1043,88.0
19A,93.58212,372.49017,94.0,91.89417,94.596,92.0,,1044,92.0
19A,89.77689,362.98598,93.99417,89.19467,87.79714,92.0,,1045,92.0
19C,91.09725,364.0945,91.0,90.0,91.0945,92.0,,1046,92.0
19C,92.19621,371.79242,92.0,90.0,89.79242,100.0,,1047,100.0
19A,95.30647,379.68625,91.29675,93.09367,95.29583,100.0,,1048,100.0
19D,97.56806,391.14333,96.697,97.599,96.84733,100.0,,1049,100.0
19B,89.84656,361.63525,92.9925,91.49625,89.1465,88.0,,1050,88.0
19D,98.50846,393.09133,95.99333,98.39867,98.69933,100.0,,1051,100.0
19C,91.32252,365.24504,92.0,90.0,91.24504,92.0,,1052,92.0
19B,93.42587,372.08108,96.691,92.49375,94.89633,88.0,,1053,88.0
19B,92.17962,370.72629,93.69075,93.69075,91.34479,,92.0,1054,92.0
19D,86.97508,348.83178,93.1945,91.49352,88.14376,,76.0,1055,76.0
19C,81.72264,324.34529,89.0,86.0,85.34529,64.0,,1056,64.0
19B,97.07274,387.48966,94.49833,95.99333,96.998,100.0,,1057,100.0
19D,96.04679,385.08483,93.99417,95.99333,95.09733,100.0,,1058,100.0
19D,89.91203,354.63648,93.1945,91.39467,94.04731,76.0,,1059,76.0
19D,89.83154,360.53841,98.39867,87.99464,90.1451,84.0,,1060,84.0
19C,90.79703,366.29406,95.0,90.0,89.29406,92.0,,1061,92.0
